{
  "display": {
    "icon": {
      "item": "minecraft:stonecutter"
    },
    "title": "切石机？不，万用切割机",
    "description": "制作一个切石机",
    "frame": "task",
    "show_toast": true,
    "announce_to_chat": true,
    "hidden": true
  },
  "criteria": {
    "jd_1": {
      "trigger": "minecraft:inventory_changed",
      "conditions": {
        "items": [
          {
            "items": [
              "minecraft:stonecutter"
            ],
            "count": {
              "min": 1,
              "max": 64
            }
          }
        ]
      }
    }
  },
  "rewards": {
    "experience": 0,
    "recipes": [
      "qsjzq:r_1",
      "qsjzq:r_2",
      "qsjzq:r_3",
      "qsjzq:r_4",
      "qsjzq:r_5",
      "qsjzq:r_6",
      "qsjzq:r_7",
      "qsjzq:r_8",
      "qsjzq:r_9",
      "qsjzq:r_10",
      "qsjzq:r_11",
      "qsjzq:r_12",
      "qsjzq:r_13",
      "qsjzq:r_14",
      "qsjzq:r_15",
      "qsjzq:r_16",
      "qsjzq:r_17",
      "qsjzq:r_18",
      "qsjzq:r_19",
      "qsjzq:r_20",
      "qsjzq:r_21",
      "qsjzq:r_22",
      "qsjzq:r_23",
      "qsjzq:r_24",
      "qsjzq:r_25",
      "qsjzq:r_26",
      "qsjzq:r_27",
      "qsjzq:r_28",
      "qsjzq:r_29",
      "qsjzq:r_30",
      "qsjzq:r_31",
      "qsjzq:r_32",
      "qsjzq:r_33",
      "qsjzq:r_34",
      "qsjzq:r_35",
      "qsjzq:r_36",
      "qsjzq:r_37",
      "qsjzq:r_38",
      "qsjzq:r_39",
      "qsjzq:r_40",
      "qsjzq:r_41",
      "qsjzq:r_42",
      "qsjzq:r_43",
      "qsjzq:r_44",
      "qsjzq:r_45",
      "qsjzq:r_46",
      "qsjzq:r_47",
      "qsjzq:r_48",
      "qsjzq:r_49",
      "qsjzq:r_50",
      "qsjzq:r_51",
      "qsjzq:r_52",
      "qsjzq:r_53",
      "qsjzq:r_54",
      "qsjzq:r_55",
      "qsjzq:r_56",
      "qsjzq:r_57",
      "qsjzq:r_58",
      "qsjzq:r_59",
      "qsjzq:r_60",
      "qsjzq:r_61",
      "qsjzq:r_62",
      "qsjzq:r_63",
      "qsjzq:r_64",
      "qsjzq:r_65",
      "qsjzq:r_66",
      "qsjzq:r_67",
      "qsjzq:r_68",
      "qsjzq:r_69",
      "qsjzq:r_70",
      "qsjzq:r_71",
      "qsjzq:r_72",
      "qsjzq:r_73",
      "qsjzq:r_74",
      "qsjzq:r_75",
      "qsjzq:r_76",
      "qsjzq:r_77",
      "qsjzq:r_78",
      "qsjzq:r_79",
      "qsjzq:r_80",
      "qsjzq:r_81",
      "qsjzq:r_82",
      "qsjzq:r_83",
      "qsjzq:r_84",
      "qsjzq:r_85",
      "qsjzq:r_86",
      "qsjzq:r_87",
      "qsjzq:r_88",
      "qsjzq:r_89",
      "qsjzq:r_90",
      "qsjzq:r_91",
      "qsjzq:r_92",
      "qsjzq:r_93",
      "qsjzq:r_94",
      "qsjzq:r_95",
      "qsjzq:r_96",
      "qsjzq:r_97",
      "qsjzq:r_98",
      "qsjzq:r_99",
      "qsjzq:r_100",
      "qsjzq:r_101",
      "qsjzq:r_102",
      "qsjzq:r_103",
      "qsjzq:r_104",
      "qsjzq:r_105",
      "qsjzq:r_106",
      "qsjzq:r_107",
      "qsjzq:r_108",
      "qsjzq:r_109",
      "qsjzq:r_110",
      "qsjzq:r_111",
      "qsjzq:r_112",
      "qsjzq:r_113",
      "qsjzq:r_114",
      "qsjzq:r_115"
    ]
  },
  "parent": "minecraft:story/smelt_iron"
}